insert into project (id, name, description) values (1, 'Daltfresh', 'ac diam cras pellentesque volutpat dui maecenas tristique est et tempus');
insert into project (id, name, description) values (2, 'Y-Solowarm', 'sem fusce consequat nulla nisl nunc nisl duis bibendum felis sed interdum venenatis turpis enim blandit mi in porttitor pede justo eu massa donec dapibus duis at velit eu est');
insert into project (id, name, description) values (3, 'Tresom', 'ut nunc vestibulum ante ipsum primis in faucibus orci luctus et ultrices posuere cubilia curae mauris');
insert into project (id, name, description) values (4, 'Domainer', 'nibh in lectus pellentesque at nulla suspendisse potenti cras in purus eu magna vulputate luctus cum sociis natoque penatibus et');
insert into project (id, name, description) values (5, 'Tin', 'nunc commodo placerat praesent blandit nam nulla integer pede justo lacinia eget tincidunt eget tempus vel pede morbi porttitor lorem id ligula suspendisse ornare consequat lectus in est');
insert into project (id, name, description) values (6, 'Lotlux', 'dictumst morbi vestibulum velit id pretium iaculis diam erat fermentum justo nec condimentum neque sapien placerat ante nulla justo aliquam quis turpis eget elit sodales scelerisque mauris sit amet');
insert into project (id, name, description) values (7, 'Cardify', 'consequat nulla nisl nunc nisl duis bibendum felis sed interdum venenatis turpis enim blandit mi in porttitor pede justo eu massa donec dapibus duis at');
insert into project (id, name, description) values (8, 'Stringtough', 'nisl duis ac nibh fusce lacus purus aliquet at feugiat non pretium quis');
insert into project (id, name, description) values (9, 'Konklux', 'pede libero quis orci nullam molestie nibh in lectus pellentesque at nulla suspendisse');
insert into project (id, name, description) values (10, 'Wrapsafe', 'molestie hendrerit at vulputate vitae nisl aenean lectus pellentesque eget nunc donec quis orci eget orci vehicula condimentum curabitur in libero ut massa volutpat convallis');

insert into user (id, name, email) values (1, 'Selby Michie', 'smichie0@squarespace.com');
insert into user (id, name, email) values (2, 'Carlo Brownhill', 'cbrownhill1@geocities.jp');
insert into user (id, name, email) values (3, 'Eddy Marston', 'emarston2@go.com');
insert into user (id, name, email) values (4, 'Crichton Norrie', 'cnorrie3@shutterfly.com');
insert into user (id, name, email) values (5, 'Tammy Cuer', 'tcuer4@bloomberg.com');
insert into user (id, name, email) values (6, 'Dasi Melrose', 'dmelrose5@deliciousdays.com');
insert into user (id, name, email) values (7, 'Sigismundo Connors', 'sconnors6@desdev.cn');
insert into user (id, name, email) values (8, 'Sally Mitford', 'smitford7@miitbeian.gov.cn');
insert into user (id, name, email) values (9, 'Darcie Bacher', 'dbacher8@linkedin.com');
insert into user (id, name, email) values (10, 'Heywood Olek', 'holek9@theguardian.com');
insert into user (id, name, email) values (11, 'Misha Strettell', 'mstrettella@boston.com');
insert into user (id, name, email) values (12, 'Huey Ferriman', 'hferrimanb@unc.edu');
insert into user (id, name, email) values (13, 'Moria Biddlecombe', 'mbiddlecombec@yolasite.com');
insert into user (id, name, email) values (14, 'Glenden Hadwen', 'ghadwend@epa.gov');
insert into user (id, name, email) values (15, 'Maurise Glanester', 'mglanestere@imgur.com');

insert into project_users (project_id, users_id) values (1,2);
insert into project_users (project_id, users_id) values (1,5);
insert into project_users (project_id, users_id) values (1,8);
insert into project_users (project_id, users_id) values (2,2);
insert into project_users (project_id, users_id) values (2,3);
insert into project_users (project_id, users_id) values (3,4);
insert into project_users (project_id, users_id) values (4,8);
insert into project_users (project_id, users_id) values (5,6);
insert into project_users (project_id, users_id) values (5,10);
insert into project_users (project_id, users_id) values (6,5);
insert into project_users (project_id, users_id) values (7,9);
insert into project_users (project_id, users_id) values (9,13);
insert into project_users (project_id, users_id) values (10,11);
insert into project_users (project_id, users_id) values (10,1);